{
  "timestamp": "2025-09-16T15:45:00.000Z",
  "portfolio_value": 100000,
  "var_es_metrics": {
    "var_95": -0.0305,
    "var_99": -0.0453,
    "es_95": -0.0422,
    "es_99": -0.0638
  },
  "var_es_dollars": {
    "var_95_dollars": 3052.46,
    "var_99_dollars": 4533.00,
    "es_95_dollars": 4223.02,
    "es_99_dollars": 6379.83
  },
  "risk_ratios": {
    "var_95_ratio": 0.0305,
    "var_99_ratio": 0.0453,
    "es_95_ratio": 0.0422,
    "es_99_ratio": 0.0638
  },
  "data_quality": {
    "sample_size": 252,
    "data_period": "2025-01-01 to 2025-12-31"
  }
}