{
  "timestamp": "2025-09-16T19:00:00.000Z",
  "regime_sizing_config": {
    "high_volatility": {
      "volatility_threshold": 0.03,
      "position_size_multiplier": 0.5,
      "max_position_size": 1000,
      "stop_loss_bps": 200,
      "take_profit_bps": 400,
      "cooldown_minutes": 30
    },
    "normal_volatility": {
      "volatility_threshold": 0.015,
      "position_size_multiplier": 1.0,
      "max_position_size": 2000,
      "stop_loss_bps": 150,
      "take_profit_bps": 300,
      "cooldown_minutes": 15
    },
    "low_volatility": {
      "volatility_threshold": 0.005,
      "position_size_multiplier": 1.5,
      "max_position_size": 3000,
      "stop_loss_bps": 100,
      "take_profit_bps": 200,
      "cooldown_minutes": 5
    }
  },
  "risk_parameters": {
    "max_daily_drawdown": 0.05,
    "max_position_risk": 0.02,
    "correlation_limit": 0.7,
    "var_confidence_level": 0.95,
    "es_confidence_level": 0.99
  },
  "hysteresis_settings": {
    "kill_switch_cooldown_hours": 24,
    "reduction_threshold": 0.03,
    "recovery_threshold": 0.01,
    "staged_recovery": true,
    "recovery_stages": [0.25, 0.5, 0.75, 1.0]
  }
}