{
  "bomFormat": "CycloneDX",
  "specVersion": "1.4",
  "version": 1,
  "metadata": {
    "timestamp": "2025-09-16T09:00:00.000Z",
    "tools": [
      {
        "vendor": "Hat Manifesto Ultimate Trading System",
        "name": "SBOM Generator",
        "version": "1.0.0"
      }
    ],
    "component": {
      "type": "application",
      "name": "Hat Manifesto Ultimate Trading System",
      "version": "2.1.0",
      "description": "Enterprise-grade algorithmic trading system for Hyperliquid exchange",
      "licenses": [
        {
          "id": "MIT"
        }
      ],
      "purl": "pkg:pypi/hat-manifesto-trading-system@2.1.0"
    }
  },
  "components": [
    {
      "type": "library",
      "name": "pandas",
      "version": "2.0.3",
      "description": "Powerful data structures for data analysis",
      "licenses": [
        {
          "id": "BSD-3-Clause"
        }
      ],
      "purl": "pkg:pypi/pandas@2.0.3",
      "externalReferences": [
        {
          "type": "website",
          "url": "https://pandas.pydata.org"
        }
      ]
    },
    {
      "type": "library",
      "name": "numpy",
      "version": "1.24.3",
      "description": "Fundamental package for scientific computing",
      "licenses": [
        {
          "id": "BSD-3-Clause"
        }
      ],
      "purl": "pkg:pypi/numpy@1.24.3",
      "externalReferences": [
        {
          "type": "website",
          "url": "https://numpy.org"
        }
      ]
    },
    {
      "type": "library",
      "name": "aiohttp",
      "version": "3.8.5",
      "description": "Async HTTP client/server framework",
      "licenses": [
        {
          "id": "Apache-2.0"
        }
      ],
      "purl": "pkg:pypi/aiohttp@3.8.5",
      "externalReferences": [
        {
          "type": "website",
          "url": "https://aiohttp.readthedocs.io"
        }
      ]
    },
    {
      "type": "library",
      "name": "websockets",
      "version": "11.0.3",
      "description": "WebSocket implementation for Python",
      "licenses": [
        {
          "id": "BSD-3-Clause"
        }
      ],
      "purl": "pkg:pypi/websockets@11.0.3",
      "externalReferences": [
        {
          "type": "website",
          "url": "https://websockets.readthedocs.io"
        }
      ]
    },
    {
      "type": "library",
      "name": "scipy",
      "version": "1.11.1",
      "description": "Scientific computing library",
      "licenses": [
        {
          "id": "BSD-3-Clause"
        }
      ],
      "purl": "pkg:pypi/scipy@1.11.1",
      "externalReferences": [
        {
          "type": "website",
          "url": "https://scipy.org"
        }
      ]
    },
    {
      "type": "library",
      "name": "scikit-learn",
      "version": "1.3.0",
      "description": "Machine learning library",
      "licenses": [
        {
          "id": "BSD-3-Clause"
        }
      ],
      "purl": "pkg:pypi/scikit-learn@1.3.0",
      "externalReferences": [
        {
          "type": "website",
          "url": "https://scikit-learn.org"
        }
      ]
    },
    {
      "type": "library",
      "name": "matplotlib",
      "version": "3.7.2",
      "description": "Plotting library",
      "licenses": [
        {
          "id": "PSF-2.0"
        }
      ],
      "purl": "pkg:pypi/matplotlib@3.7.2",
      "externalReferences": [
        {
          "type": "website",
          "url": "https://matplotlib.org"
        }
      ]
    },
    {
      "type": "library",
      "name": "psutil",
      "version": "5.9.5",
      "description": "Process and system utilities",
      "licenses": [
        {
          "id": "BSD-3-Clause"
        }
      ],
      "purl": "pkg:pypi/psutil@5.9.5",
      "externalReferences": [
        {
          "type": "website",
          "url": "https://psutil.readthedocs.io"
        }
      ]
    },
    {
      "type": "library",
      "name": "cryptography",
      "version": "41.0.3",
      "description": "Cryptographic recipes and primitives",
      "licenses": [
        {
          "id": "Apache-2.0"
        }
      ],
      "purl": "pkg:pypi/cryptography@41.0.3",
      "externalReferences": [
        {
          "type": "website",
          "url": "https://cryptography.io"
        }
      ]
    },
    {
      "type": "library",
      "name": "hyperliquid-python-sdk",
      "version": "1.0.0",
      "description": "Official Hyperliquid Python SDK",
      "licenses": [
        {
          "id": "MIT"
        }
      ],
      "purl": "pkg:pypi/hyperliquid-python-sdk@1.0.0",
      "externalReferences": [
        {
          "type": "website",
          "url": "https://github.com/hyperliquid-dex/hyperliquid-python-sdk"
        }
      ]
    }
  ],
  "dependencies": [
    {
      "ref": "pkg:pypi/hat-manifesto-trading-system@2.1.0",
      "dependsOn": [
        "pkg:pypi/pandas@2.0.3",
        "pkg:pypi/numpy@1.24.3",
        "pkg:pypi/aiohttp@3.8.5",
        "pkg:pypi/websockets@11.0.3",
        "pkg:pypi/scipy@1.11.1",
        "pkg:pypi/scikit-learn@1.3.0",
        "pkg:pypi/matplotlib@3.7.2",
        "pkg:pypi/psutil@5.9.5",
        "pkg:pypi/cryptography@41.0.3",
        "pkg:pypi/hyperliquid-python-sdk@1.0.0"
      ]
    }
  ],
  "vulnerabilities": [],
  "compositions": [
    {
      "aggregate": "complete",
      "assemblies": [
        "pkg:pypi/hat-manifesto-trading-system@2.1.0"
      ],
      "dependencies": [
        "pkg:pypi/pandas@2.0.3",
        "pkg:pypi/numpy@1.24.3",
        "pkg:pypi/aiohttp@3.8.5",
        "pkg:pypi/websockets@11.0.3",
        "pkg:pypi/scipy@1.11.1",
        "pkg:pypi/scikit-learn@1.3.0",
        "pkg:pypi/matplotlib@3.7.2",
        "pkg:pypi/psutil@5.9.5",
        "pkg:pypi/cryptography@41.0.3",
        "pkg:pypi/hyperliquid-python-sdk@1.0.0"
      ]
    }
  ]
}
